Workbook

Sheet Process
C2: Process ARF-U
C15: Where do we start? | E15: Make choices | G15: Here is a | I15: Build it | K15: Try this first | L15: Try this second | N15: Real world
G16: Recommendation
G17: Based on your
G18: Choices

Sheet 1 Questionnaire 2 Choices
B1: 1. Questionnaire
B3: Technology Hardware | C3: Response | D3: Technology Software | E3: Response | F3: Design and Construction | G3: Response
B4: Do you have a specific 3D depth sensor (Yes, No) | C4: Yes | D4: Is the software self contained or on PC / Mac (SWselfcontained, Laptop) | E4: Laptop | F4: Distance from sensor to subject (<500mm, 500-2000mm, >2000mm) | G4: 500-2000mm
B5: Regular non specific Consumer or Commercial device (mobile phone, camera) (Yes, No) | C5: No | D5: Is the software custom for the sensor or generic (Custom, Generic) | E5: Custom | F5: What is the usage depth (<5m, 5-20m, >20m) | G5: 5-20m
B6: Is there an existing underwater case (Yes, No) | C6: No | D6: Does the device have any scene reconstruction software (Yes, No) | E6: Yes | F6: Does the test rig need to have different measurement distances | G6: Yes
B7: Do I have to manufacture an underwater case (Yes, No) | C7: Yes | D7: Data for live view or recording (Live, Recording) | E7: Live view | F7: Does the rig need to be postively, negatively or neutrally bouyant (Pos, Neg, Neu) | G7: Neutral
B8: Is the device connected through a tether or self contained unit (Tether, Selfcontained) | C8: Selfcontained | D8: Data processing to be live or post (Live, Post) | E8: Live | F8: Data accuracy (+/-1mm, 1cm, 1m) | G8: 1cm
B9: Is power available onboard, or through tether (Onboard, TruTether) | C9: Onboard | F9: I need to turn on and off the sensor underwater (Yes or No) | G9: Yes
B10: Is data recorded onboard or through tether (Onboard, TruTether) | C10: Onboard | F10: Is the environment hazardous of itself (Yes, No) | G10: No
B11: Integrated viewing screen required with sensor (Yes, No) | C11: Yes | F11: Are there likely to be operational hazards (Yes, No) | G11: Yes
B12: Artificial Lighting to be used (Yes, No) | C12: No
B14: ACTION: | C14: Fill in the light grey boxes only with the choices available

Sheet Decision outcomes
B1: 2. Decision Outcomes
B3: Technology Hardware | C3: Response | D3: Technology Software | E3: Response | F3: Design and Construction | G3: Response
B4: Do you have a specific 3D depth sensor (Yes, No) | C4: =('1 Questionnaire 2 Choices'!C4) -> Yes | D4: Is the software self contained or on PC / Mac (SWselfcontained, Laptop) | E4: =('1 Questionnaire 2 Choices'!E4) -> Laptop | F4: Distance from sensor to subject (<500mm, 500-2000mm, >2000mm) | G4: =('1 Questionnaire 2 Choices'!G4) -> 500-2000mm
B5: Regular non specific Consumer or Commercial device (mobile phone, camera) (Yes, No) | C5: =('1 Questionnaire 2 Choices'!C5) -> No | D5: Is the software custom for the sensor or generic (Custom, Generic) | E5: =('1 Questionnaire 2 Choices'!E5) -> Custom | F5: What is the usage depth (<5m, 5-20m, >20m) | G5: =('1 Questionnaire 2 Choices'!G5) -> 5-20m
B6: Is there an existing underwater case (Yes, No) | C6: =('1 Questionnaire 2 Choices'!C6) -> No | D6: Does the device have any scene reconstruction software (Yes, No) | E6: =('1 Questionnaire 2 Choices'!E6) -> Yes | F6: Does the test rig need to have different measurement distances | G6: =('1 Questionnaire 2 Choices'!G6) -> Yes
B7: Do I have to manufacture an underwater case (Yes, No) | C7: =('1 Questionnaire 2 Choices'!C7) -> Yes | D7: Data for live view or recording (Live, Recording) | E7: =('1 Questionnaire 2 Choices'!E7) -> Live view | F7: Does the rig need to be postively, negatively or neutrally bouyant (Pos, Neg, Neu) | G7: =('1 Questionnaire 2 Choices'!G7) -> Neutral
B8: Is the device connected through a tether or self contained unit (Tether, Selfcontained) | C8: =('1 Questionnaire 2 Choices'!C8) -> Selfcontained | D8: Data processing to be live or post (Live, Post) | E8: =('1 Questionnaire 2 Choices'!E8) -> Live | F8: Data accuracy (+/-1mm, 1cm, 1m) | G8: =('1 Questionnaire 2 Choices'!G8) -> 1cm
B9: Is power available onboard, or through tether (Onboard, TruTether) | C9: =('1 Questionnaire 2 Choices'!C9) -> Onboard | F9: I need to turn on and off the sensor underwater (Yes or No) | G9: =('1 Questionnaire 2 Choices'!G9) -> Yes
B10: Is data recorded onboard or through tether (Onboard, TruTether) | C10: =('1 Questionnaire 2 Choices'!C10) -> Onboard | F10: Is the environment hazardous of itself (Yes, No) | G10: =('1 Questionnaire 2 Choices'!G10) -> No
B11: Integrated Viewing screen required with sensor (Yes, No) | C11: =('1 Questionnaire 2 Choices'!C11) -> Yes | F11: Are there likely to be operational hazards (Yes, No) | G11: =('1 Questionnaire 2 Choices'!G11) -> Yes
B12: Artificial Lighting to be used (Yes, No) | C12: =('1 Questionnaire 2 Choices'!C12) -> No

Sheet Recommended Design wkng
A1: 3. Recommended Design | H1: If x=t and y=e then…....
B3: Technology Hardware | D3: Specification | E3: Choice | F3: Design Recommendation | G3: Show if
B4: Do you have a specific 3D depth sensor (Yes, No) | D4: Sensor Specification | E4: =('Decision outcomes'!C4) -> Yes | F4: Define what device choice / technology may be used for this test | G4: No
B5: Regular non specific Consumer or Commercial device (mobile phone, camera) (Yes, No) | D5: Sensor Specification | E5: =('Decision outcomes'!C5) -> No | F5: Define whether the regular device can be used for the testing required | G5: Yes
B6: Is there an existing underwater case (Yes, No) | D6: Case Specification | E6: =('Decision outcomes'!C6) -> No | F6: Design and build a waterproof case | G6: No
B7: Do I have to manufacture an underwater case (Yes, No) | D7: Case Specification | E7: =('Decision outcomes'!C7) -> Yes | F7: Design and manufacture an underwater capable case | G7: Yes
B8: Is the device connected through a tether or self contained unit (Tether, Selfcontained) | D8: Test Rig Specification | E8: =('Decision outcomes'!C8) -> Selfcontained | F8: Tether required: | G8: Both
B9: Is power available onboard, or through tether (Onboard, TruTether) | D9: Test Rig Specification | E9: =('Decision outcomes'!C9) -> Onboard | F9: Power required: | G9: Both
B10: Is data recorded onboard or through tether (Onboard, TruTether) | D10: Software Specification | E10: =('Decision outcomes'!C10) -> Onboard | F10: Data through tether or onboard: | G10: Both
B11: Integrated viewing screen required with sensor (Yes, No) | D11: Case Specification | E11: =('Decision outcomes'!C11) -> Yes | F11: LCD Viewing Screen required for case | G11: Yes
B12: Artificial Lighting to be used (Yes, No) | D12: Case Specification | E12: =('Decision outcomes'!C12) -> No | F12: Artificial Lighting required | G12: Yes
B13: Technology Software
B14: Is the software self contained or on PC / Mac (SWselfcontained, Laptop) | D14: Software Specification | E14: =('Decision outcomes'!E4) -> Laptop | F14: Software Specification - Install the required software onto the Laptop | G14: Laptop
B15: Is the software custom for the sensor or generic (Custom, Generic) | D15: Software Specification | E15: =('Decision outcomes'!E5) -> Custom | F15: Install the required software onto the device: | G15: Both
B16: Does the device have any scene reconstrution software (Yes, No) | D16: Software Specification | E16: =('Decision outcomes'!E6) -> Yes | F16: Define which AR software is needed to be developed | G16: No
B17: Data for live view or recording (Live, Recording) | D17: Software Specification | E17: =('Decision outcomes'!E7) -> Live view | F17: Date visualisation: | G17: Both
B18: Data processing to be live or post (Live, Post) | D18: Software Specification | E18: =('Decision outcomes'!E8) -> Live | F18: Data processing to be: | G18: Both
B19: Design and Construction
B20: Distance from sensor to subject (<500mm, 500-2000mm, >2000mm) | D20: Test Rig Specification | E20: =('Decision outcomes'!G4) -> 500-2000mm | F20: Test Rig specification - Distance scale: | G20: Both
B21: What is the usage depth (<5m, 5-20m, >20m) | D21: Test Rig Specification | E21: =('Decision outcomes'!G5) -> 5-20m | F21: Test Rig specification - per depth choice: | G21: Both
B22: Does the test rig need to have different measurement distances | D22: Test Rig Specification | E22: =('Decision outcomes'!G6) -> Yes | F22: Test Rig specification - Distance options, multiple measurements required: | G22: Both
B23: Does the rig need to be postively, negatively or neutrally bouyant (Pos, Neg, Neu) | D23: Test Rig Specification | E23: =('Decision outcomes'!G7) -> Neutral | F23: Test Rig specification - Negative, Neutral or Positively buoyant construction: | G23: Both
B24: Data accuracy (+/-1mm, 1cm, 1m) | D24: Software Specification | E24: =('Decision outcomes'!G8) -> 1cm | F24: Software Specification - Data accuracy definition: | G24: Both
B25: I need to turn on and off the sensor underwater (Yes or No) | D25: Sensor Specification | E25: =('Decision outcomes'!G9) -> Yes | F25: Sensor Specification - Switchable underwater | G25: Both
B26: Is the environment hazardous of itself (Yes, No) | D26: Test Rig Specification | E26: =('Decision outcomes'!G10) -> No | F26: Test Rig specification - Hazardous requirements | G26: Yes
B27: Are there likely to be operational hazards (Yes, No) | D27: Operation Specification | E27: =('Decision outcomes'!G11) -> Yes | F27: Implement an operating protocol including risk assessments for each element | G27: Yes

Sheet 3 Recommended Design
B1: 3. Design Recommendation
B3: Specifications as required, defined by Questionnaire choices
B5: Sensor Specification | C5: =IF('Recommended Design wkng'!E4="No", 'Recommended Design wkng'!F4, "")
C6: =IF('Recommended Design wkng'!E5="Yes", 'Recommended Design wkng'!F5, "")
C7: =('Recommended Design wkng'!F25&'Recommended Design wkng'!E25) -> Sensor Specification - Switchable underwater Yes
B9: Case Specification | C9: =IF('Recommended Design wkng'!E6="No", 'Recommended Design wkng'!F6, "") -> Design and build a waterproof case
C10: =IF('Recommended Design wkng'!E7="No", 'Recommended Design wkng'!F7, "")
C11: =IF('Recommended Design wkng'!E11="Yes", 'Recommended Design wkng'!F11, "") -> LCD Viewing Screen required for case
C12: =IF('Recommended Design wkng'!E12="Yes", 'Recommended Design wkng'!F12, "")
B14: Software Specification | C14: =('Recommended Design wkng'!F10&'Recommended Design wkng'!E10) -> Data through tether or onboard: Onboard
C15: =IF('Recommended Design wkng'!E14="Laptop", 'Recommended Design wkng'!F14, "") -> Software Specification - Install the required software onto the Laptop
C16: =('Recommended Design wkng'!F15&'Recommended Design wkng'!E15) -> Install the required software onto the device: Custom
C17: =IF('Recommended Design wkng'!E16="No", 'Recommended Design wkng'!F16, "")
C18: =('Recommended Design wkng'!F17&'Recommended Design wkng'!E17) -> Date visualisation: Live view
C19: =('Recommended Design wkng'!F18&'Recommended Design wkng'!E18) -> Data processing to be: Live
C20: =('Recommended Design wkng'!F24&'Recommended Design wkng'!E24) -> Software Specification - Data accuracy definition: 1cm
B22: Test Rig Specification | C22: =('Recommended Design wkng'!F8&'Recommended Design wkng'!E8) -> Tether required: Selfcontained
C23: =('Recommended Design wkng'!F9&'Recommended Design wkng'!E9) -> Power required: Onboard
C24: =('Recommended Design wkng'!F20&'Recommended Design wkng'!E20) -> Test Rig specification - Distance scale: 500-2000mm
C25: =('Recommended Design wkng'!F21&'Recommended Design wkng'!E21) -> Test Rig specification - per depth choice: 5-20m
C26: =('Recommended Design wkng'!F22&'Recommended Design wkng'!E22) -> Test Rig specification - Distance options, multiple measurements required: Yes
C27: =('Recommended Design wkng'!F23&'Recommended Design wkng'!E23) -> Test Rig specification - Negative, Neutral or Positively buoyant construction: Neutral
C28: =IF('Recommended Design wkng'!E26="Yes", 'Recommended Design wkng'!F26, "")
B30: Operation Specification | C30: =IF('Recommended Design wkng'!E27="Yes", 'Recommended Design wkng'!F27, "") -> Implement an operating protocol including risk assessments for each element

Sheet Final validation
B1: (Sample testing and operating procedure)
B3: 4. Full Dry test
C4: Assemble Test rig
C5: Encase sensor
C6: Install software
C7: SOP complete for testing & operating protocols
C8: Risk assessment complete
C9: Environment for test ready
C10: Test process approved
C11: Carry out test
C12: Test complete signoff
C13: Update protocols if required
B15: 5. Wet Test (protected)
C16: Assemble Test rig
C17: Encase sensor
C18: Install software
C19: SOP complete for testing & operating protocols
C20: Risk assessment complete
C21: Environment for test ready (protected underwater site / pool, underwater lab)
C22: Test process approved
C23: Additional underwater processes and risk assessments approved
C24: Carry out test
C25: Test complete and safe signoff
C26: Update protocols and design if required
B28: 6. Water Operation (real world)
C29: Per defined process and policies.
